{
    "rmse": 0.693543961115051,
    "mae": 0.5504662613898885,
    "r2": 0.2222989706861943
}